show_id,date,venue,city,state,country,tour_name,setlist,rating,reviews,venue_id,permalink
1322243351,2000-01-14,Starksboro Village Meeting House,Starksboro,VT,USA,Not Part of a Tour,,,,1023,https://phish.net/setlists/mike-gordon-january-14-2000-starksboro-village-meeting-house-starksboro-vt-usa.html
1332987387,2000-01-28,Higher Ground,Winooski,VT,USA,Not Part of a Tour,,,,278,https://phish.net/setlists/guest-appearance-january-28-2000-higher-ground-winooski-vt-usa.html
1324420189,2000-02-01,The Palladium,Worcester,MA,USA,Fish - Jazz Mandolin Project Winter 2000 Tour,,,,1045,https://phish.net/setlists/jon-fishman-february-01-2000-the-palladium-worcester-ma-usa.html
1391717422,2000-02-01,Lovango Cay,"St, John",,U.S. Virgin Islands,Not Part of a Tour,,,,1302,https://phish.net/setlists/trey-anastasio-february-01-2000-lovango-cay-st-john-us-virgin-islands.html
1324420292,2000-02-03,The Odeon,Cleveland,OH,USA,Fish - Jazz Mandolin Project Winter 2000 Tour,,,,1046,https://phish.net/setlists/jon-fishman-february-03-2000-the-odeon-cleveland-oh-usa.html
1324420331,2000-02-04,Newport Music Hall,Columbus,OH,USA,Fish - Jazz Mandolin Project Winter 2000 Tour,,,,311,https://phish.net/setlists/jon-fishman-february-04-2000-newport-music-hall-columbus-oh-usa.html
1317707537,2000-02-05,Carnegie Hall,New York,NY,USA,Not Part of a Tour,,,,969,https://phish.net/setlists/trey-anastasio-february-05-2000-carnegie-hall-new-york-ny-usa.html
1324420361,2000-02-05,Mississippi Nights,St. Louis,MO,USA,Fish - Jazz Mandolin Project Winter 2000 Tour,,,,106,https://phish.net/setlists/jon-fishman-february-05-2000-mississippi-nights-st-louis-mo-usa.html
1520779032,2000-02-05,Carnegie Hall,New York,NY,USA,Not Part of a Tour,,,,969,https://phish.net/setlists/trey-anastasio-february-05-2000-carnegie-hall-new-york-ny-usa-2.html
1579050431,2000-02-05,Carnegie Hall,New York,NY,USA,Not Part of a Tour,,,,969,https://phish.net/setlists/.html
1579823070,2000-02-05,Carnegie Hall,New York,NY,USA,Not Part of a Tour,,,,969,https://phish.net/setlists/rufus-wainwright-february-05-2000-carnegie-hall-new-york-ny-usa.html
1579823233,2000-02-05,Carnegie Hall,New York,NY,USA,Not Part of a Tour,,,,969,https://phish.net/setlists/philip-glass-february-05-2000-carnegie-hall-new-york-ny-usa.html
1324420400,2000-02-06,Liberty Hall,Lawrence,KS,USA,Fish - Jazz Mandolin Project Winter 2000 Tour,,,,108,https://phish.net/setlists/jon-fishman-february-06-2000-liberty-hall-lawrence-ks-usa.html
1324420484,2000-02-07,The Union Bar,Iowa City,IA,USA,Fish - Jazz Mandolin Project Winter 2000 Tour,,,,1047,https://phish.net/setlists/jon-fishman-february-07-2000-the-union-bar-iowa-city-ia-usa.html
1324420526,2000-02-09,The Cabooze,Minneapolis,MN,USA,Fish - Jazz Mandolin Project Winter 2000 Tour,,,,74,https://phish.net/setlists/jon-fishman-february-09-2000-the-cabooze-minneapolis-mn-usa.html
1324420840,2000-02-10,"The Great Hall, University of Wisconsin",Madison,WI,USA,Fish - Jazz Mandolin Project Winter 2000 Tour,,,,343,https://phish.net/setlists/jon-fishman-february-10-2000-the-great-hall-university-of-wisconsin-madison-wi-usa.html
1324420944,2000-02-11,The Canopy Club,Urbana,IL,USA,Fish - Jazz Mandolin Project Winter 2000 Tour,,,,1048,https://phish.net/setlists/jon-fishman-february-11-2000-the-canopy-club-urbana-il-usa.html
1324421000,2000-02-12,House of Blues,Chicago,IL,USA,Fish - Jazz Mandolin Project Winter 2000 Tour,,,,1049,https://phish.net/setlists/jon-fishman-february-12-2000-house-of-blues-chicago-il-usa.html
1324421084,2000-02-14,Electra,Cincinnati,OH,USA,Fish - Jazz Mandolin Project Winter 2000 Tour,,,,1050,https://phish.net/setlists/jon-fishman-february-14-2000-electra-cincinnati-oh-usa.html
1324421119,2000-02-15,The Vogue Theatre,Indianapolis,IN,USA,Fish - Jazz Mandolin Project Winter 2000 Tour,,,,857,https://phish.net/setlists/jon-fishman-february-15-2000-the-vogue-theatre-indianapolis-in-usa.html
1324421184,2000-02-16,7th House,Pontiac,MI,USA,Fish - Jazz Mandolin Project Winter 2000 Tour,,,,1051,https://phish.net/setlists/jon-fishman-february-16-2000-7th-house-pontiac-mi-usa.html
1324421244,2000-02-17,7th House,Pontiac,MI,USA,Fish - Jazz Mandolin Project Winter 2000 Tour,,,,1051,https://phish.net/setlists/jon-fishman-february-17-2000-7th-house-pontiac-mi-usa.html
1332987825,2000-02-17,Higher Ground,Winooski,VT,USA,Not Part of a Tour,,,,278,https://phish.net/setlists/guest-appearance-february-17-2000-higher-ground-winooski-vt-usa.html
1324421335,2000-02-18,The Opera House,"Toronto, Ontario",,Canada,Fish - Jazz Mandolin Project Winter 2000 Tour,,,,1052,https://phish.net/setlists/jon-fishman-february-18-2000-the-opera-house-toronto-ontario-canada.html
1324421709,2000-02-19,Smith Opera House,Geneva,NY,USA,Fish - Jazz Mandolin Project Winter 2000 Tour,,,,175,https://phish.net/setlists/jon-fishman-february-19-2000-smith-opera-house-geneva-ny-usa.html
1332718205,2000-02-21,"Patrick Gymnasium, University of Vermont",Burlington,VT,USA,Not Part of a Tour,,,,277,https://phish.net/setlists/guest-appearance-february-21-2000-patrick-gymnasium-university-of-vermont-burlington-vt-usa.html
1332991111,2000-02-24,Grand Olympic Auditorium,Los Angeles,CA,USA,Not Part of a Tour,,,,1203,https://phish.net/setlists/trey-anastasio-february-24-2000-grand-olympic-auditorium-los-angeles-ca-usa.html
1333507392,2000-02-26,The Brandy House,Atlanta,GA,USA,Not Part of a Tour,,,,1207,https://phish.net/setlists/guest-appearance-february-26-2000-the-brandy-house-atlanta-ga-usa.html
1326762592,2000-03-10,Henry J. Kaiser Auditorium,Oakland,CA,USA,Not Part of a Tour,,,,1148,https://phish.net/setlists/guest-appearance-march-10-2000-henry-j-kaiser-auditorium-oakland-ca-usa.html
1324575309,2000-03-24,Snow Barn,Mt. Snow,VT,USA,Fish - Pork Tornado Spring 2000,,,,1098,https://phish.net/setlists/jon-fishman-march-24-2000-snow-barn-mt-snow-vt-usa.html
1324575365,2000-03-25,Pearl Street Ballroom,Northampton,MA,USA,Fish - Pork Tornado Spring 2000,,,,233,https://phish.net/setlists/jon-fishman-march-25-2000-pearl-street-ballroom-northampton-ma-usa.html
1324575423,2000-03-26,Stone Coast Brewing Co.,Portland,ME,USA,Fish - Pork Tornado Spring 2000,,,,1092,https://phish.net/setlists/jon-fishman-march-26-2000-stone-coast-brewing-co-portland-me-usa.html
1324575531,2000-03-28,Axis,Boston,MA,USA,Fish - Pork Tornado Spring 2000,,,,1099,https://phish.net/setlists/jon-fishman-march-28-2000-axis-boston-ma-usa.html
1324572942,2000-03-29,Higher Ground,Winooski,VT,USA,Fish - Pork Tornado Spring 2000,,,,278,https://phish.net/setlists/jon-fishman-march-29-2000-higher-ground-winooski-vt-usa.html
1324572787,2000-03-30,Pickle Barrel Pub,Killington,VT,USA,Fish - Pork Tornado Spring 2000,,,,537,https://phish.net/setlists/jon-fishman-march-30-2000-pickle-barrel-pub-killington-vt-usa.html
1324572010,2000-03-31,Theatre of the Living Arts,Philadelphia,PA,USA,Fish - Pork Tornado Spring 2000,,,,846,https://phish.net/setlists/jon-fishman-march-31-2000-theatre-of-the-living-arts-philadelphia-pa-usa.html
1324573152,2000-04-01,The Met,Providence,RI,USA,Fish - Pork Tornado Spring 2000,,,,1095,https://phish.net/setlists/jon-fishman-april-01-2000-the-met-providence-ri-usa.html
1324573909,2000-04-02,Toad's Place,New Haven,CT,USA,Fish - Pork Tornado Spring 2000,,,,47,https://phish.net/setlists/jon-fishman-april-02-2000-toads-place-new-haven-ct-usa.html
1324572110,2000-04-04,The Wetlands Preserve,New York,NY,USA,Fish - Pork Tornado Spring 2000,,,,79,https://phish.net/setlists/jon-fishman-april-04-2000-the-wetlands-preserve-new-york-ny-usa.html
1324574042,2000-04-05,Lost Horizon,Syracuse,NY,USA,Fish - Pork Tornado Spring 2000,,,,1097,https://phish.net/setlists/jon-fishman-april-05-2000-lost-horizon-syracuse-ny-usa.html
1324574265,2000-04-06,Milestones,Rochester,NY,USA,Fish - Pork Tornado Spring 2000,,,,1044,https://phish.net/setlists/jon-fishman-april-06-2000-milestones-rochester-ny-usa.html
1324575641,2000-04-07,The Odeon,Cleveland,OH,USA,Fish - Pork Tornado Spring 2000,,,,1046,https://phish.net/setlists/jon-fishman-april-07-2000-the-odeon-cleveland-oh-usa.html
1324575752,2000-04-08,Newport Music Hall,Columbus,OH,USA,Fish - Pork Tornado Spring 2000,,,,311,https://phish.net/setlists/jon-fishman-april-08-2000-newport-music-hall-columbus-oh-usa.html
1326772368,2000-04-08,The Orpheum Theatre,Boston,MA,USA,Not Part of a Tour,,,,190,https://phish.net/setlists/guest-appearance-april-08-2000-the-orpheum-theatre-boston-ma-usa.html
1324572272,2000-04-09,The Blind Pig,Ann Arbor,MI,USA,Fish - Pork Tornado Spring 2000,,,,854,https://phish.net/setlists/jon-fishman-april-09-2000-the-blind-pig-ann-arbor-mi-usa.html
1324575861,2000-04-11,Bluebird Nightclub,Bloomington,IN,USA,Fish - Pork Tornado Spring 2000,,,,833,https://phish.net/setlists/jon-fishman-april-11-2000-bluebird-nightclub-bloomington-in-usa.html
1324575924,2000-04-12,The Blue Note,Columbia,MO,USA,Fish - Pork Tornado Spring 2000,,,,107,https://phish.net/setlists/jon-fishman-april-12-2000-the-blue-note-columbia-mo-usa.html
1324576024,2000-04-13,"The Gargoyle, Washington University",St. Louis,MO,USA,Fish - Pork Tornado Spring 2000,,,,1100,https://phish.net/setlists/jon-fishman-april-13-2000-the-gargoyle-washington-university-st-louis-mo-usa.html
1324576093,2000-04-14,The Rave,Milwaukee,WI,USA,Fish - Pork Tornado Spring 2000,,,,147,https://phish.net/setlists/jon-fishman-april-14-2000-the-rave-milwaukee-wi-usa.html
1324576202,2000-04-15,Double Door,Chicago,IL,USA,Fish - Pork Tornado Spring 2000,,,,1101,https://phish.net/setlists/jon-fishman-april-15-2000-double-door-chicago-il-usa.html
1325872355,2000-05-03,"Mead Chapel, Middlebury College",Middlebury,VT,USA,Not Part of a Tour,,,,1128,https://phish.net/setlists/mike-gordon-may-03-2000-mead-chapel-middlebury-college-middlebury-vt-usa.html
1298350926,2000-05-04,Saenger Theatre,New Orleans,LA,USA,Not Part of a Tour,,,,802,https://phish.net/setlists/trey-anastasio-may-04-2000-saenger-theater-new-orleans-la-usa.html
1336010876,2000-05-07,Cajun Queen Riverboat,New Orleans,LA,USA,Not Part of a Tour,,,,1241,https://phish.net/setlists/guest-appearance-may-07-2000-cajun-queen-riverboat-new-orleans-la-usa.html
1355061778,2000-05-07,Tipitina's Uptown,New Orleans,LA,USA,Not Part of a Tour,,,,1065,https://phish.net/setlists/guest-appearance-may-07-2000-tipitinas-uptown-new-orleans-la-usa.html
1251863384,2000-05-15,Sonic Studios,Philadelphia,PA,USA,Not Part of a Tour,,,,375,https://phish.net/setlists/phish-may-15-2000-sonic-studios-philadelphia-pa-usa.html
1264210581,2000-05-15,Sonic Studios,Philadelphia,PA,USA,Not Part of a Tour,,,,375,https://phish.net/setlists/phish-may-15-2000-sonic-studios-philadelphia-pa-usa-2.html
1251863674,2000-05-16,Ed Sullivan Theater,New York,NY,USA,Not Part of a Tour,,,,228,https://phish.net/setlists/phish-may-16-2000-ed-sullivan-theater-new-york-ny-usa.html
1251863891,2000-05-18,Fantasy Studios,Berkeley,CA,USA,Not Part of a Tour,,,,376,https://phish.net/setlists/phish-may-18-2000-fantasy-studios-berkeley-ca-usa.html
1251864582,2000-05-19,Key Club,Los Angeles,CA,USA,Not Part of a Tour,,,,377,https://phish.net/setlists/phish-may-19-2000-key-club-los-angeles-ca-usa.html
1251864756,2000-05-19,Key Club,Los Angeles,CA,USA,Not Part of a Tour,,,,377,https://phish.net/setlists/phish-may-19-2000-key-club-los-angeles-ca-usa-2.html
1332720009,2000-05-20,"Studio 8H, NBC Studios",New York,NY,USA,Not Part of a Tour,,,,227,https://phish.net/setlists/guest-appearance-may-20-2000-studio-8h-nbc-studios-new-york-ny-usa.html
1251255837,2000-05-21,Radio City Music Hall,New York,NY,USA,2000 NYC Tour,,,,275,https://phish.net/setlists/phish-may-21-2000-radio-city-music-hall-new-york-ny-usa.html
1251865168,2000-05-22,Radio City Music Hall,New York,NY,USA,2000 NYC Tour,,,,275,https://phish.net/setlists/phish-may-22-2000-radio-city-music-hall-new-york-ny-usa.html
1251865792,2000-05-23,Roseland Ballroom,New York,NY,USA,2000 NYC Tour,,,,96,https://phish.net/setlists/phish-may-23-2000-roseland-ballroom-new-york-ny-usa.html
1251866690,2000-06-09,On Air East,"Shibuya-ku, Tokyo",,Japan,2000 Summer Japan Tour,,,,378,https://phish.net/setlists/phish-june-09-2000-on-air-east-shibuya-ku-tokyo-japan.html
1251867104,2000-06-10,Zepp,"Koto-ku, Tokyo",,Japan,2000 Summer Japan Tour,,,,379,https://phish.net/setlists/phish-june-10-2000-zepp-koto-ku-tokyo-japan.html
1251867493,2000-06-11,Hibiya Outdoor Theatre,"Chiyoda-ku, Tokyo",,Japan,2000 Summer Japan Tour,,,,380,https://phish.net/setlists/phish-june-11-2000-hibiya-outdoor-theatre-chiyoda-ku-tokyo-japan.html
1251868073,2000-06-13,Club Quattro,"Naka-ku, Nagoya",,Japan,2000 Summer Japan Tour,,,,381,https://phish.net/setlists/phish-june-13-2000-club-quattro-naka-ku-nagoya-japan.html
1251868714,2000-06-14,Drum Logos,"Chuo-ku, Fukuoka",,Japan,2000 Summer Japan Tour,,,,382,https://phish.net/setlists/phish-june-14-2000-drum-logos-chuo-ku-fukuoka-japan.html
1251869596,2000-06-15,Big Cat,"Chuo-ku, Osaka",,Japan,2000 Summer Japan Tour,,,,383,https://phish.net/setlists/phish-june-15-2000-big-cat-chuo-ku-osaka-japan.html
1251870050,2000-06-16,Zepp,"Suminoe-ku, Osaka",,Japan,2000 Summer Japan Tour,,,,384,https://phish.net/setlists/phish-june-16-2000-zepp-suminoe-ku-osaka-japan.html
1251870599,2000-06-22,AmSouth Amphitheatre,Antioch,TN,USA,2000 Summer U.S. Tour,,,,395,https://phish.net/setlists/phish-june-22-2000-amsouth-amphitheatre-antioch-tn-usa.html
1251946892,2000-06-23,Lakewood Amphitheatre,Atlanta,GA,USA,2000 Summer U.S. Tour,,,,396,https://phish.net/setlists/phish-june-23-2000-lakewood-amphitheatre-atlanta-ga-usa.html
1334714735,2000-06-23,Variety Playhouse,Atlanta,GA,USA,Not Part of a Tour,,,,105,https://phish.net/setlists/guest-appearance-june-23-2000-variety-playhouse-atlanta-ga-usa.html
1251947314,2000-06-24,Lakewood Amphitheatre,Atlanta,GA,USA,2000 Summer U.S. Tour,,,,396,https://phish.net/setlists/phish-june-24-2000-lakewood-amphitheatre-atlanta-ga-usa.html
1251947716,2000-06-25,ALLTEL Pavilion at Walnut Creek,Raleigh,NC,USA,2000 Summer U.S. Tour,,,,397,https://phish.net/setlists/phish-june-25-2000-alltel-pavilion-at-walnut-creek-raleigh-nc-usa.html
1251947925,2000-06-27,"NBC Television Studios, Studio 6A",New York,NY,USA,Not Part of a Tour,,,,385,https://phish.net/setlists/phish-june-27-2000-nbc-television-studios-studio-6a-new-york-ny-usa.html
1251948173,2000-06-28,PNC Bank Arts Center,Holmdel,NJ,USA,2000 Summer U.S. Tour,,,,398,https://phish.net/setlists/phish-june-28-2000-pnc-bank-arts-center-holmdel-nj-usa.html
1251948705,2000-06-29,PNC Bank Arts Center,Holmdel,NJ,USA,2000 Summer U.S. Tour,,,,398,https://phish.net/setlists/phish-june-29-2000-pnc-bank-arts-center-holmdel-nj-usa.html
1250813104,2000-06-30,Meadows Music Theatre,Hartford,CT,USA,2000 Summer U.S. Tour,,,,1,https://phish.net/setlists/phish-june-30-2000-meadows-music-theatre-hartford-ct-usa.html
1250971772,2000-07-01,Meadows Music Theatre,Hartford,CT,USA,2000 Summer U.S. Tour,,,,1,https://phish.net/setlists/phish-july-01-2000-meadows-music-theatre-hartford-ct-usa.html
1251950810,2000-07-03,E Centre,Camden,NJ,USA,2000 Summer U.S. Tour,,,,399,https://phish.net/setlists/phish-july-03-2000-e-centre-camden-nj-usa.html
1251951565,2000-07-04,E Centre,Camden,NJ,USA,2000 Summer U.S. Tour,,,,399,https://phish.net/setlists/phish-july-04-2000-e-centre-camden-nj-usa.html
1251954709,2000-07-06,Molson Amphitheatre,"Toronto, Ontario",,Canada,2000 Summer U.S. Tour,,,,386,https://phish.net/setlists/phish-july-06-2000-molson-amphitheatre-toronto-ontario-canada.html
1252032213,2000-07-07,Star Lake Amphitheatre,Burgettstown,PA,USA,2000 Summer U.S. Tour,,,,400,https://phish.net/setlists/phish-july-07-2000-star-lake-amphitheatre-burgettstown-pa-usa.html
1252032409,2000-07-08,Alpine Valley Music Theatre,East Troy,WI,USA,2000 Summer U.S. Tour,,,,3,https://phish.net/setlists/phish-july-08-2000-alpine-valley-music-theatre-east-troy-wi-usa.html
1252032689,2000-07-10,Deer Creek Music Center,Noblesville,IN,USA,2000 Summer U.S. Tour,,,,401,https://phish.net/setlists/phish-july-10-2000-deer-creek-music-center-noblesville-in-usa.html
1335110264,2000-07-10,Private Home,Indianapolis,IN,USA,Not Part of a Tour,,,,1230,https://phish.net/setlists/guest-appearance-july-10-2000-private-home-indianapolis-in-usa.html
1252033181,2000-07-11,Deer Creek Music Center,Noblesville,IN,USA,2000 Summer U.S. Tour,,,,401,https://phish.net/setlists/phish-july-11-2000-deer-creek-music-center-noblesville-in-usa.html
1252033560,2000-07-12,Deer Creek Music Center,Noblesville,IN,USA,2000 Summer U.S. Tour,,,,401,https://phish.net/setlists/phish-july-12-2000-deer-creek-music-center-noblesville-in-usa.html
1252033907,2000-07-14,Polaris Amphitheater,Columbus,OH,USA,2000 Summer U.S. Tour,,,,387,https://phish.net/setlists/phish-july-14-2000-polaris-amphitheater-columbus-oh-usa.html
1252034378,2000-07-15,Polaris Amphitheater,Columbus,OH,USA,2000 Summer U.S. Tour,,,,387,https://phish.net/setlists/phish-july-15-2000-polaris-amphitheater-columbus-oh-usa.html
1252034686,2000-07-17,"KLRU Studios, University of Texas",Austin,TX,USA,Not Part of a Tour,,,,388,https://phish.net/setlists/phish-july-17-2000-klru-studios-university-of-texas-austin-tx-usa.html
1324573404,2000-08-04,Lake Champlain Transportation Company Ferry,Burlington,VT,USA,Not Part of a Tour,,,,1096,https://phish.net/setlists/jon-fishman-august-04-2000-lake-champlain-transportation-company-ferry-burlington-vt-usa.html
1324573502,2000-08-17,Higher Ground,Winooski,VT,USA,Not Part of a Tour,,,,278,https://phish.net/setlists/jon-fishman-august-17-2000-higher-ground-winooski-vt-usa.html
1252035068,2000-09-08,Pepsi Arena,Albany,NY,USA,2000 Fall Tour,,,,273,https://phish.net/setlists/phish-september-08-2000-pepsi-arena-albany-ny-usa.html
1252035400,2000-09-09,Pepsi Arena,Albany,NY,USA,2000 Fall Tour,,,,273,https://phish.net/setlists/phish-september-09-2000-pepsi-arena-albany-ny-usa.html
1252035823,2000-09-11,Tweeter Center,Mansfield,MA,USA,2000 Fall Tour,,,,402,https://phish.net/setlists/phish-september-11-2000-tweeter-center-mansfield-ma-usa.html
1252036061,2000-09-12,Tweeter Center,Mansfield,MA,USA,2000 Fall Tour,,,,402,https://phish.net/setlists/phish-september-12-2000-tweeter-center-mansfield-ma-usa.html
1252036352,2000-09-14,Darien Lake Performing Arts Center,Darien Center,NY,USA,2000 Fall Tour,,,,361,https://phish.net/setlists/phish-september-14-2000-darien-lake-performing-arts-center-darien-center-ny-usa.html
1252036584,2000-09-15,Hersheypark Stadium,Hershey,PA,USA,2000 Fall Tour,,,,389,https://phish.net/setlists/phish-september-15-2000-hersheypark-stadium-hershey-pa-usa.html
1249948108,2000-09-17,Merriweather Post Pavilion,Columbia,MD,USA,2000 Fall Tour,,,,9,https://phish.net/setlists/phish-september-17-2000-merriweather-post-pavilion-columbia-md-usa.html
1252037665,2000-09-18,Blossom Music Center,Cuyahoga Falls,OH,USA,2000 Fall Tour,,,,223,https://phish.net/setlists/phish-september-18-2000-blossom-music-center-cuyahoga-falls-oh-usa.html
1252037936,2000-09-20,Riverbend Music Center,Cincinnati,OH,USA,2000 Fall Tour,,,,390,https://phish.net/setlists/phish-september-20-2000-riverbend-music-center-cincinnati-oh-usa.html
1252038897,2000-09-22,Allstate Arena,Rosemont,IL,USA,2000 Fall Tour,,,,237,https://phish.net/setlists/phish-september-22-2000-allstate-arena-rosemont-il-usa.html
1252039301,2000-09-23,Allstate Arena,Rosemont,IL,USA,2000 Fall Tour,,,,237,https://phish.net/setlists/phish-september-23-2000-allstate-arena-rosemont-il-usa.html
1252039847,2000-09-24,Target Center,Minneapolis,MN,USA,2000 Fall Tour,,,,158,https://phish.net/setlists/phish-september-24-2000-target-center-minneapolis-mn-usa.html
1252040245,2000-09-25,Sandstone Amphitheatre,Bonner Springs,KS,USA,2000 Fall Tour,,,,403,https://phish.net/setlists/phish-september-25-2000-sandstone-amphitheatre-bonner-springs-ks-usa.html
1252040463,2000-09-27,Fiddler's Green,Englewood,CO,USA,2000 Fall Tour,,,,391,https://phish.net/setlists/phish-september-27-2000-fiddlers-green-englewood-co-usa.html
1252040690,2000-09-29,Thomas & Mack Center,Las Vegas,NV,USA,2000 Fall Tour,,,,230,https://phish.net/setlists/phish-september-29-2000-thomas-mack-center-las-vegas-nv-usa.html
1252041076,2000-09-30,Thomas & Mack Center,Las Vegas,NV,USA,2000 Fall Tour,,,,230,https://phish.net/setlists/phish-september-30-2000-thomas-mack-center-las-vegas-nv-usa.html
1335110947,2000-09-30,House of Blues,Las Vegas,NV,USA,Not Part of a Tour,,,,1109,https://phish.net/setlists/guest-appearance-september-30-2000-house-of-blues-las-vegas-nv-usa.html
1252041434,2000-10-01,Blockbuster Desert Sky Pavilion,Phoenix,AZ,USA,2000 Fall Tour,,,,1520,https://phish.net/setlists/phish-october-01-2000-desert-sky-pavilion-phoenix-az-usa.html
1252041742,2000-10-03,NBC Studios,Burbank,CA,USA,Not Part of a Tour,,,,392,https://phish.net/setlists/phish-october-03-2000-nbc-studios-burbank-ca-usa.html
1252041962,2000-10-04,Coors Amphitheatre,Chula Vista,CA,USA,2000 Fall Tour,,,,245,https://phish.net/setlists/phish-october-04-2000-coors-amphitheatre-chula-vista-ca-usa.html
1252042383,2000-10-05,Verizon Wireless Amphitheater,Irvine,CA,USA,2000 Fall Tour,,,,393,https://phish.net/setlists/phish-october-05-2000-verizon-wireless-amphitheater-irvine-ca-usa.html
1252042694,2000-10-06,Shoreline Amphitheatre,Mountain View,CA,USA,2000 Fall Tour,,,,247,https://phish.net/setlists/phish-october-06-2000-shoreline-amphitheatre-mountain-view-ca-usa.html
1252043276,2000-10-07,Shoreline Amphitheatre,Mountain View,CA,USA,2000 Fall Tour,,,,247,https://phish.net/setlists/phish-october-07-2000-shoreline-amphitheatre-mountain-view-ca-usa.html
1354250285,2000-10-23,Red Square,Burlington,VT,USA,Not Part of a Tour,,,,1244,https://phish.net/setlists/guest-appearance-october-23-2000-red-square-burlington-vt-usa.html
1354249133,2000-11-04,Higher Ground,Winooski,VT,USA,Not Part of a Tour,,,,278,https://phish.net/setlists/guest-appearance-november-04-2000-higher-ground-winooski-vt-usa.html
1354251195,2000-11-16,Tuttle Middle School Auditorium,South Burlington,VT,USA,Not Part of a Tour,,,,1243,https://phish.net/setlists/guest-appearance-november-16-2000-tuttle-middle-school-auditorium-south-burlington-vt-usa.html
1327462697,2000-11-18,Higher Ground,Winooski,VT,USA,Not Part of a Tour,,,,278,https://phish.net/setlists/guest-appearance-november-18-2000-higher-ground-winooski-vt-usa.html
1342149176,2000-11-25,The Living Room,Providence,RI,USA,Not Part of a Tour,,,,32,https://phish.net/setlists/guest-appearance-november-25-2000-the-living-room-providence-ri-usa.html
1328234841,2000-12-01,Palace Theatre,Albany,NY,USA,Not Part of a Tour,,,,302,https://phish.net/setlists/guest-appearance-december-01-2000-palace-theatre-albany-ny-usa.html
1333326079,2000-12-01,Club Metronome,Burlington,VT,USA,Not Part of a Tour,,,,1075,https://phish.net/setlists/guest-appearance-december-01-2000-club-metronome-burlington-vt-usa.html
1333319446,2000-12-03,Unknown Venue,New Rochelle,NY,USA,Not Part of a Tour,,,,1205,https://phish.net/setlists/guest-appearance-december-03-2000-unknown-venue-new-rochelle-ny-usa.html
1328075922,2000-12-06,Irving Plaza,New York,NY,USA,Not Part of a Tour,,,,944,https://phish.net/setlists/page-mcconnell-december-06-2000-irving-plaza-new-york-ny-usa.html
1328235836,2000-12-15,The Odeon,Cleveland,OH,USA,Not Part of a Tour,,,,1046,https://phish.net/setlists/guest-appearance-december-15-2000-the-odeon-cleveland-oh-usa.html
1324576711,2000-12-28,Higher Ground,Winooski,VT,USA,Not Part of a Tour,,,,278,https://phish.net/setlists/jon-fishman-december-28-2000-higher-ground-winooski-vt-usa.html
1326774743,2000-12-31,Henry J. Kaiser Auditorium,Oakland,CA,USA,Not Part of a Tour,,,,1148,https://phish.net/setlists/guest-appearance-december-31-2000-henry-j-kaiser-auditorium-oakland-ca-usa.html
1333329626,2000-12-31,Henry J. Kaiser Auditorium,Oakland,CA,USA,Not Part of a Tour,,,,1148,https://phish.net/setlists/guest-appearance-december-31-2000-henry-j-kaiser-auditorium-oakland-ca-usa-2.html
1337140265,2001-01-20,Higher Ground,Winooski,VT,USA,Not Part of a Tour,,,,278,https://phish.net/setlists/guest-appearance-january-20-2001-higher-ground-winooski-vt-usa.html
1327429012,2001-01-23,Higher Ground,Winooski,VT,USA,Not Part of a Tour,,,,278,https://phish.net/setlists/guest-appearance-january-23-2001-higher-ground-winooski-vt-usa.html
1320433445,2001-02-02,Troy Savings Bank Music Hall,Troy,NY,USA,Not Part of a Tour,,,,995,https://phish.net/setlists/trey-anastasio-february-02-2001-troy-savings-bank-music-hall-troy-ny-usa.html
1320433474,2001-02-04,The Flynn Theatre,Burlington,VT,USA,Not Part of a Tour,,,,16,https://phish.net/setlists/trey-anastasio-february-04-2001-the-flynn-theatre-burlington-vt-usa.html
1298482564,2001-02-21,The Orpheum Theatre,Boston,MA,USA,TAB - The Sextet,,,,190,https://phish.net/setlists/trey-anastasio-february-21-2001-the-orpheum-theatre-boston-ma-usa.html
1298482861,2001-02-22,Landmark Theatre,Syracuse,NY,USA,TAB - The Sextet,,,,811,https://phish.net/setlists/trey-anastasio-february-22-2001-landmark-theatre-syracuse-ny-usa.html
1337219653,2001-02-22,Armory High,Syracuse,NY,USA,Not Part of a Tour,,,,1102,https://phish.net/setlists/guest-appearance-february-22-2001-armory-high-syracuse-ny-usa.html
1298482942,2001-02-23,"NBC Television Studios, Studio 6B",New York,NY,USA,Not Part of a Tour,,,,770,https://phish.net/setlists/trey-anastasio-february-23-2001-nbc-television-studios-studio-6b-new-york-ny-usa.html
1298483219,2001-02-23,Roseland Ballroom,New York,NY,USA,TAB - The Sextet,,,,96,https://phish.net/setlists/trey-anastasio-february-23-2001-roseland-ballroom-new-york-ny-usa.html
1298483303,2001-02-24,Tower Theatre,Upper Darby,PA,USA,TAB - The Sextet,,,,317,https://phish.net/setlists/trey-anastasio-february-24-2001-tower-theatre-upper-darby-pa-usa.html
1327427474,2001-02-25,Academy of Music Theatre,Northampton,MA,USA,Not Part of a Tour,,,,1155,https://phish.net/setlists/guest-appearance-february-25-2001-academy-of-music-northampton-ma-usa.html
1298483456,2001-02-26,State Theatre,Cleveland,OH,USA,TAB - The Sextet,,,,804,https://phish.net/setlists/trey-anastasio-february-26-2001-state-theatre-cleveland-oh-usa.html
1298483590,2001-02-27,"Burruss Auditorium, Virginia Tech",Blacksburg,VA,USA,TAB - The Sextet,,,,812,https://phish.net/setlists/trey-anastasio-february-27-2001-burruss-auditorium-virginia-tech-blacksburg-va-usa.html
1298483676,2001-02-28,Landmark Theater,Richmond,VA,USA,TAB - The Sextet,,,,813,https://phish.net/setlists/trey-anastasio-february-28-2001-landmark-theater-richmond-va-usa.html
1298483757,2001-03-02,Thomas Wolfe Auditorium,Asheville,NC,USA,TAB - The Sextet,,,,790,https://phish.net/setlists/trey-anastasio-march-02-2001-thomas-wolfe-auditorium-asheville-nc-usa.html
1298483784,2001-03-03,Township Auditorium,Columbia,SC,USA,TAB - The Sextet,,,,39,https://phish.net/setlists/trey-anastasio-march-03-2001-township-auditorium-columbia-sc-usa.html
1298483877,2001-03-04,The Fox Theatre,Atlanta,GA,USA,TAB - The Sextet,,,,40,https://phish.net/setlists/trey-anastasio-march-04-2001-the-fox-theatre-atlanta-ga-usa.html
1298483896,2001-03-05,The Fox Theatre,Atlanta,GA,USA,TAB - The Sextet,,,,40,https://phish.net/setlists/trey-anastasio-march-05-2001-the-fox-theatre-atlanta-ga-usa.html
1327430370,2001-03-31,Higher Ground,Winooski,VT,USA,Not Part of a Tour,,,,278,https://phish.net/setlists/guest-appearance-march-31-2001-higher-ground-winooski-vt-usa.html
1338952451,2001-04-02,Red Square,Burlington,VT,USA,Not Part of a Tour,,,,1244,https://phish.net/setlists/guest-appearance-april-02-2001-red-square-burlington-vt-usa.html
1324578531,2001-04-05,Pearl Street Ballroom,Northampton,MA,USA,Fish - Pork Tornado Spring 2001,,,,233,https://phish.net/setlists/jon-fishman-april-05-2001-pearl-street-ballroom-northampton-ma-usa.html
1324578556,2001-04-06,The Paradise,Boston,MA,USA,Fish - Pork Tornado Spring 2001,,,,33,https://phish.net/setlists/jon-fishman-april-06-2001-the-paradise-boston-ma-usa.html
1324578584,2001-04-07,The Met,Providence,RI,USA,Fish - Pork Tornado Spring 2001,,,,1095,https://phish.net/setlists/jon-fishman-april-07-2001-the-met-providence-ri-usa.html
1322257167,2001-04-10,Higher Ground,Winooski,VT,USA,Mike Gordon + Col. Bruce Hampton & The Codetalkers,,,,278,https://phish.net/setlists/mike-gordon-april-10-2001-higher-ground-winooski-vt-usa.html
1322258412,2001-04-11,Irving Plaza,New York,NY,USA,Mike Gordon + Col. Bruce Hampton & The Codetalkers,,,,944,https://phish.net/setlists/mike-gordon-april-11-2001-irving-plaza-new-york-ny-usa.html
1322259380,2001-04-12,Somerville Theatre,Somerville,MA,USA,Mike Gordon + Col. Bruce Hampton & The Codetalkers,,,,203,https://phish.net/setlists/mike-gordon-april-12-2001-somerville-theatre-somerville-ma-usa.html
1324578610,2001-04-12,Toad's Place,New Haven,CT,USA,Fish - Pork Tornado Spring 2001,,,,47,https://phish.net/setlists/jon-fishman-april-12-2001-toads-place-new-haven-ct-usa.html
1322259583,2001-04-13,Webster Theater,Hartford,CT,USA,Mike Gordon + Col. Bruce Hampton & The Codetalkers,,,,1025,https://phish.net/setlists/mike-gordon-april-13-2001-webster-theater-hartford-ct-usa.html
1324578678,2001-04-13,Armory High,Syracuse,NY,USA,Fish - Pork Tornado Spring 2001,,,,1102,https://phish.net/setlists/jon-fishman-april-13-2001-armory-high-syracuse-ny-usa.html
1324578726,2001-04-14,Milestones,Rochester,NY,USA,Fish - Pork Tornado Spring 2001,,,,1044,https://phish.net/setlists/jon-fishman-april-14-2001-milestones-rochester-ny-usa.html
1324578767,2001-04-19,Higher Ground,Winooski,VT,USA,Fish - Pork Tornado Spring 2001,,,,278,https://phish.net/setlists/jon-fishman-april-19-2001-higher-ground-winooski-vt-usa.html
1324578836,2001-04-20,Rusty Nail Bar & Grille,Stowe,VT,USA,Fish - Pork Tornado Spring 2001,,,,1103,https://phish.net/setlists/jon-fishman-april-20-2001-rusty-nail-bar-grille-stowe-vt-usa.html
1354761410,2001-04-20,The Living Room,Providence,RI,USA,Not Part of a Tour,,,,32,https://phish.net/setlists/guest-appearance-april-20-2001-the-living-room-providence-ri-usa.html
1324578870,2001-04-21,Pickle Barrel Pub,Killington,VT,USA,Fish - Pork Tornado Spring 2001,,,,537,https://phish.net/setlists/jon-fishman-april-21-2001-pickle-barrel-pub-killington-vt-usa.html
1324578905,2001-04-25,The Bowery Ballroom,New York,NY,USA,Fish - Pork Tornado Spring 2001,,,,1007,https://phish.net/setlists/jon-fishman-april-25-2001-the-bowery-ballroom-new-york-ny-usa.html
1324578929,2001-04-26,Theatre of the Living Arts,Philadelphia,PA,USA,Fish - Pork Tornado Spring 2001,,,,846,https://phish.net/setlists/jon-fishman-april-26-2001-theatre-of-the-living-arts-philadelphia-pa-usa.html
1324578952,2001-04-27,Tradewinds,Sea Bright,NJ,USA,Fish - Pork Tornado Spring 2001,,,,1093,https://phish.net/setlists/jon-fishman-april-27-2001-tradewinds-sea-bright-nj-usa.html
1324579011,2001-04-28,Northern Lights,Clifton Park,NY,USA,Fish - Pork Tornado Spring 2001,,,,1104,https://phish.net/setlists/jon-fishman-april-28-2001-northern-lights-clifton-park-ny-usa.html
1354763316,2001-05-02,Maple Leaf Bar,New Orleans,LA,USA,Not Part of a Tour,,,,1177,https://phish.net/setlists/guest-appearance-may-02-2001-maple-leaf-bar-new-orleans-la-usa.html
1354763487,2001-05-03,Maple Leaf Bar,New Orleans,LA,USA,Not Part of a Tour,,,,1177,https://phish.net/setlists/guest-appearance-may-03-2001-maple-leaf-bar-new-orleans-la-usa.html
1326932668,2001-05-11,Roseland Ballroom,New York,NY,USA,Not Part of a Tour,,,,96,https://phish.net/setlists/guest-appearance-may-11-2001-roseland-ballroom-new-york-ny-usa.html
1327638027,2001-05-19,Pacific Bell Park,San Francisco,CA,USA,Not Part of a Tour,,,,1163,https://phish.net/setlists/guest-appearance-may-19-2001-pacific-bell-park-san-francisco-ca-usa.html
1355020424,2001-05-20,4th Street Tavern,San Rafael,CA,USA,Not Part of a Tour,,,,1259,https://phish.net/setlists/guest-appearance-may-20-2001-4th-street-tavern-san-rafael-ca-usa.html
1338344459,2001-05-24,Red Square,Burlington,VT,USA,Not Part of a Tour,,,,1244,https://phish.net/setlists/guest-appearance-may-24-2001-red-square-burlington-vt-usa.html
1336012216,2001-05-29,B.B. King's,New York,NY,USA,Not Part of a Tour,,,,999,https://phish.net/setlists/guest-appearance-may-29-2001-bb-kings-new-york-ny-usa.html
1327499539,2001-06-30,The Monkey Bar,Tulsa,OK,USA,Not Part of a Tour,,,,1156,https://phish.net/setlists/mike-gordon-june-30-2001-the-monkey-bar-tulsa-ok-usa.html
1298662682,2001-07-04,Higher Ground,Winooski,VT,USA,Not Part of a Tour,,,,278,https://phish.net/setlists/trey-anastasio-july-04-2001-higher-ground-winooski-vt-usa.html
1298662841,2001-07-11,"Open Air Theatre, San Diego State University",San Diego,CA,USA,TAB - The Octet,,,,818,https://phish.net/setlists/trey-anastasio-july-11-2001-open-air-theatre-san-diego-ca-usa.html
1298662874,2001-07-12,Greek Theatre,Los Angeles,CA,USA,TAB - The Octet,,,,289,https://phish.net/setlists/trey-anastasio-july-12-2001-greek-theatre-los-angeles-ca-usa.html
1298664771,2001-07-13,"William Randolph Hearst Greek Theatre, University of California, Berkeley ",Berkeley,CA,USA,TAB - The Octet,,,,372,https://phish.net/setlists/trey-anastasio-july-13-2001-william-randolph-hearst-greek-theatre-berkeley-ca-usa.html
1298664794,2001-07-14,"William Randolph Hearst Greek Theatre, University of California, Berkeley ",Berkeley,CA,USA,TAB - The Octet,,,,372,https://phish.net/setlists/trey-anastasio-july-14-2001-william-randolph-hearst-greek-theatre-berkeley-ca-usa.html
1298664814,2001-07-17,Red Rocks Amphitheatre,Morrison,CO,USA,TAB - The Octet,,,,50,https://phish.net/setlists/trey-anastasio-july-17-2001-red-rocks-amphitheatre-morrison-co-usa.html
1298664832,2001-07-18,Red Rocks Amphitheatre,Morrison,CO,USA,TAB - The Octet,,,,50,https://phish.net/setlists/trey-anastasio-july-18-2001-red-rocks-amphitheatre-morrison-co-usa.html
1298664940,2001-07-20,Riverport Amphitheater,Maryland Heights,MO,USA,TAB - The Octet,,,,225,https://phish.net/setlists/trey-anastasio-july-20-2001-riverport-amphitheater-maryland-heights-mo-usa.html
1298664961,2001-07-21,Alpine Valley Music Theatre,East Troy,WI,USA,TAB - The Octet,,,,3,https://phish.net/setlists/trey-anastasio-july-21-2001-alpine-valley-music-theatre-east-troy-wi-usa.html
1298664981,2001-07-22,Deer Creek Music Center,Noblesville,IN,USA,TAB - The Octet,,,,401,https://phish.net/setlists/trey-anastasio-july-22-2001-deer-creek-music-center-noblesville-in-usa.html
1298665101,2001-07-24,Polaris Amphitheater,Columbus,OH,USA,TAB - The Octet,,,,387,https://phish.net/setlists/trey-anastasio-july-24-2001-polaris-amphitheater-columbus-oh-usa.html
1298665127,2001-07-26,HiFi Buys Amphitheatre,Atlanta,GA,USA,TAB - The Octet,,,,262,https://phish.net/setlists/trey-anastasio-july-26-2001-hifi-buys-amphitheatre-atlanta-ga-usa.html
1298665149,2001-07-27,ALLTEL Pavilion at Walnut Creek,Raleigh,NC,USA,TAB - The Octet,,,,397,https://phish.net/setlists/trey-anastasio-july-27-2001-alltel-pavilion-at-walnut-creek-raleigh-nc-usa.html
1298665172,2001-07-28,Merriweather Post Pavilion,Columbia,MD,USA,TAB - The Octet,,,,9,https://phish.net/setlists/trey-anastasio-july-28-2001-merriweather-post-pavilion-columbia-md-usa.html
1298665202,2001-07-29,PNC Bank Arts Center,Holmdel,NJ,USA,TAB - The Octet,,,,398,https://phish.net/setlists/trey-anastasio-july-29-2001-pnc-bank-arts-center-holmdel-nj-usa.html
1298665221,2001-07-31,GTE Virginia Beach Amphitheater,Virginia Beach,VA,USA,TAB - The Octet,,,,407,https://phish.net/setlists/trey-anastasio-july-31-2001-verizon-wireless-virginia-beach-amphitheater-virginia-beach-va-usa.html
1298665245,2001-08-02,The Mann Center for the Performing Arts,Philadelphia,PA,USA,TAB - The Octet,,,,213,https://phish.net/setlists/trey-anastasio-august-02-2001-the-mann-center-for-the-performing-arts-philadelphia-pa-usa.html
1338341999,2001-08-02,The Wetlands Preserve,New York,NY,USA,Not Part of a Tour,,,,79,https://phish.net/setlists/guest-appearance-august-02-2001-the-wetlands-preserve-new-york-ny-usa.html
1298665268,2001-08-03,Jones Beach Amphitheater,Wantagh,NY,USA,TAB - The Octet,,,,211,https://phish.net/setlists/trey-anastasio-august-03-2001-jones-beach-amphitheater-wantagh-ny-usa.html
1298665318,2001-08-04,Tweeter Center,Mansfield,MA,USA,TAB - The Octet,,,,402,https://phish.net/setlists/trey-anastasio-august-04-2001-tweeter-center-mansfield-ma-usa.html
1298665341,2001-08-05,Saratoga Performing Arts Center,Saratoga Springs,NY,USA,TAB - The Octet,,,,220,https://phish.net/setlists/trey-anastasio-august-05-2001-saratoga-performing-arts-center-saratoga-springs-ny-usa.html
1324428769,2001-08-18,Indian Lookout Country Club,Mariaville,NY,USA,Not Part of a Tour,,,,1053,https://phish.net/setlists/jon-fishman-august-18-2001-indian-lookout-country-club-mariaville-ny-usa.html
1324428791,2001-08-19,Indian Lookout Country Club,Mariaville,NY,USA,Not Part of a Tour,,,,1053,https://phish.net/setlists/jon-fishman-august-19-2001-indian-lookout-country-club-mariaville-ny-usa.html
1338344842,2001-09-09,Higher Ground,Winooski,VT,USA,Not Part of a Tour,,,,278,https://phish.net/setlists/guest-appearance-september-09-2001-higher-ground-winooski-vt-usa.html
1355059984,2001-09-10,The Wetlands Preserve,New York,NY,USA,Not Part of a Tour,,,,79,https://phish.net/setlists/guest-appearance-september-10-2001-the-wetlands-preserve-new-york-ny-usa.html
1298329903,2001-09-15,The Barn,Outer Burlington,VT,USA,Oysterhead - The Grand Pecking Order,,,,394,https://phish.net/setlists/trey-anastasio-september-15-2001-the-barn-outer-burlington-vt-usa.html
1328317259,2001-09-17,Maple Leaf Bar,New Orleans,LA,USA,Not Part of a Tour,,,,1177,https://phish.net/setlists/guest-appearance-september-17-2001-maple-leaf-bar-new-orleans-la-usa.html
1327264226,2001-09-28,Higher Ground,Winooski,VT,USA,Not Part of a Tour,,,,278,https://phish.net/setlists/guest-appearance-september-28-2001-higher-ground-winooski-vt-usa.html
1327263367,2001-10-05,Landmark Theatre,Syracuse,NY,USA,Not Part of a Tour,,,,811,https://phish.net/setlists/guest-appearance-october-05-2001-landmark-theatre-syracuse-ny-usa.html
1324429833,2001-10-06,The Fox Theatre,Boulder,CO,USA,Fish - Jazz Mandolin Project Fall 2001 Tour,,,,111,https://phish.net/setlists/jon-fishman-october-06-2001-the-fox-theatre-boulder-co-usa.html
1324429889,2001-10-07,The Fox Theatre,Boulder,CO,USA,Fish - Jazz Mandolin Project Fall 2001 Tour,,,,111,https://phish.net/setlists/jon-fishman-october-07-2001-the-fox-theatre-boulder-co-usa.html
1324429957,2001-10-08,"Arts and Sciences Auditorium, University of Wyoming",Laramie,WY,USA,Fish - Jazz Mandolin Project Fall 2001 Tour,,,,1054,https://phish.net/setlists/jon-fishman-october-08-2001-arts-and-sciences-auditorium-university-of-wyoming-laramie-wy-usa.html
1324430021,2001-10-09,Emerson Cultural Center,Bozeman,MT,USA,Fish - Jazz Mandolin Project Fall 2001 Tour,,,,1055,https://phish.net/setlists/jon-fishman-october-09-2001-emerson-cultural-center-bozeman-mt-usa.html
1324430094,2001-10-10,"University Theater, University of Montana",Missoula,MT,USA,Fish - Jazz Mandolin Project Fall 2001 Tour,,,,1056,https://phish.net/setlists/jon-fishman-october-10-2001-university-theater-university-of-montana-missoula-mt-usa.html
1324430365,2001-10-11,The Showbox,Seattle,WA,USA,Fish - Jazz Mandolin Project Fall 2001 Tour,,,,1057,https://phish.net/setlists/jon-fishman-october-11-2001-the-showbox-seattle-wa-usa.html
1324432598,2001-10-12,Crystal Ballroom,Portland,OR,USA,Fish - Jazz Mandolin Project Fall 2001 Tour,,,,949,https://phish.net/setlists/jon-fishman-october-12-2001-crystal-ballroom-portland-or-usa.html
1324432651,2001-10-13,Club West,Eureka,CA,USA,Fish - Jazz Mandolin Project Fall 2001 Tour,,,,1058,https://phish.net/setlists/jon-fishman-october-13-2001-club-west-eureka-ca-usa.html
1324432742,2001-10-16,"Student Union Auditorium, CSU-Chico",Chico,CA,USA,Fish - Jazz Mandolin Project Fall 2001 Tour,,,,1060,https://phish.net/setlists/jon-fishman-october-16-2001-student-union-auditorium-csu-chico-chico-ca-usa.html
1327852685,2001-10-16,Paramount Theatre,Seattle,WA,USA,Not Part of a Tour,,,,370,https://phish.net/setlists/guest-appearance-october-16-2001-paramount-theatre-seattle-wa-usa.html
1324432771,2001-10-17,Mystic Theater,Petaluma,CA,USA,Fish - Jazz Mandolin Project Fall 2001 Tour,,,,1059,https://phish.net/setlists/jon-fishman-october-17-2001-mystic-theater-petaluma-ca-usa.html
1324432794,2001-10-18,Great American Music Hall,San Francisco,CA,USA,Fish - Jazz Mandolin Project Fall 2001 Tour,,,,670,https://phish.net/setlists/jon-fishman-october-18-2001-great-american-music-hall-san-francisco-ca-usa.html
1326933190,2001-10-18,Roseland Ballroom,New York,NY,USA,Not Part of a Tour,,,,96,https://phish.net/setlists/guest-appearance-october-18-2001-roseland-ballroom-new-york-ny-usa.html
1324432854,2001-10-19,Great American Music Hall,San Francisco,CA,USA,Fish - Jazz Mandolin Project Fall 2001 Tour,,,,670,https://phish.net/setlists/jon-fishman-october-19-2001-great-american-music-hall-san-francisco-ca-usa.html
1324432892,2001-10-20,House of Blues,West Hollywood,CA,USA,Fish - Jazz Mandolin Project Fall 2001 Tour,,,,950,https://phish.net/setlists/jon-fishman-october-20-2001-house-of-blues-west-hollywood-ca-usa.html
1298334530,2001-10-21,Paramount Theatre,Seattle,WA,USA,Oysterhead - The Grand Pecking Order,,,,370,https://phish.net/setlists/trey-anastasio-october-21-2001-paramount-theatre-seattle-wa-usa.html
1324432923,2001-10-21,4th and B,San Diego,CA,USA,Fish - Jazz Mandolin Project Fall 2001 Tour,,,,942,https://phish.net/setlists/jon-fishman-october-21-2001-4th-and-b-san-diego-ca-usa.html
1327853055,2001-10-22,Desert Sky Pavilion,Phoenix,AZ,USA,Not Part of a Tour,,,,404,https://phish.net/setlists/guest-appearance-october-22-2001-desert-sky-pavilion-phoenix-az-usa.html
1298316617,2001-10-23,The Orpheum Theatre,"Vancouver, British Columbia",,Canada,Oysterhead - The Grand Pecking Order,,,,658,https://phish.net/setlists/trey-anastasio-october-23-2001-the-orpheum-theatre-vancouver-british-columbia-canada.html
1324433022,2001-10-23,Nita’s Hideaway,Tempe,AZ,USA,Fish - Jazz Mandolin Project Fall 2001 Tour,,,,1061,https://phish.net/setlists/jon-fishman-october-23-2001-nitas-hideaway-tempe-az-usa.html
1298329919,2001-10-24,Salem Armory,Salem,OR,USA,Oysterhead - The Grand Pecking Order,,,,730,https://phish.net/setlists/trey-anastasio-october-24-2001-salem-armory-salem-or-usa.html
1324433053,2001-10-25,Rialto Theatre,Tuscon,AZ,USA,Fish - Jazz Mandolin Project Fall 2001 Tour,,,,1013,https://phish.net/setlists/jon-fishman-october-25-2001-rialto-theatre-tuscon-az-usa.html
1298332971,2001-10-26,"William Randolph Hearst Greek Theatre, University of California, Berkeley ",Berkeley,CA,USA,Oysterhead - The Grand Pecking Order,,,,372,https://phish.net/setlists/trey-anastasio-october-26-2001-william-randolph-hearst-greek-theatre-berkeley-ca-usa.html
1324433086,2001-10-26,Gothic Theatre,Englewood,CO,USA,Fish - Jazz Mandolin Project Fall 2001 Tour,,,,547,https://phish.net/setlists/jon-fishman-october-26-2001-gothic-theatre-englewood-co-usa.html
1298339575,2001-10-27,Hollywood Palladium,Los Angeles,CA,USA,Oysterhead - The Grand Pecking Order,,,,807,https://phish.net/setlists/trey-anastasio-october-27-2001-hollywood-palladium-hollywood-ca-usa.html
1324433124,2001-10-27,Gothic Theatre,Englewood,CO,USA,Fish - Jazz Mandolin Project Fall 2001 Tour,,,,547,https://phish.net/setlists/jon-fishman-october-27-2001-gothic-theatre-englewood-co-usa.html
1324433207,2001-10-28,Aggie Theatre,Fort Collins,CO,USA,Fish - Jazz Mandolin Project Fall 2001 Tour,,,,1062,https://phish.net/setlists/jon-fishman-october-28-2001-aggie-theatre-fort-collins-co-usa.html
1298341530,2001-10-30,The Fillmore Auditorium,Denver,CO,USA,Oysterhead - The Grand Pecking Order,,,,808,https://phish.net/setlists/trey-anastasio-october-30-2001-the-fillmore-auditorium-denver-co-usa.html
1324433242,2001-10-30,Liberty Hall,Lawrence,KS,USA,Fish - Jazz Mandolin Project Fall 2001 Tour,,,,108,https://phish.net/setlists/jon-fishman-october-30-2001-liberty-hall-lawrence-ks-usa.html
1298342007,2001-10-31,The Fillmore Auditorium,Denver,CO,USA,Oysterhead - The Grand Pecking Order,,,,808,https://phish.net/setlists/trey-anastasio-october-31-2001-the-fillmore-auditorium-denver-co-usa.html
1324433403,2001-10-31,Juke Joint,Springfield,MO,USA,Fish - Jazz Mandolin Project Fall 2001 Tour,,,,1063,https://phish.net/setlists/jon-fishman-october-31-2001-juke-joint-springfield-mo-usa.html
1324445130,2001-11-01,Varsity Theatre,Baton Rouge,LA,USA,Fish - Jazz Mandolin Project Fall 2001 Tour,,,,1064,https://phish.net/setlists/jon-fishman-november-01-2001-varsity-theatre-baton-rouge-la-usa.html
1298325862,2001-11-02,Aragon Ballroom,Chicago,IL,USA,Oysterhead - The Grand Pecking Order,,,,286,https://phish.net/setlists/trey-anastasio-november-02-2001-aragon-ballroom-chicago-il-usa.html
1324433668,2001-11-02,Tipitina's Uptown,New Orleans,LA,USA,Fish - Jazz Mandolin Project Fall 2001 Tour,,,,1065,https://phish.net/setlists/jon-fishman-november-02-2001-tipitinas-uptown-new-orleans-la-usa.html
1298320638,2001-11-03,Edward C. Elliott Hall of Music,West Lafayette,IN,USA,Oysterhead - The Grand Pecking Order,,,,803,https://phish.net/setlists/trey-anastasio-november-03-2001-edward-c-elliott-hall-of-music-west-lafayette-in-usa.html
1324433711,2001-11-03,New Daisy Theatre,Memphis,TN,USA,Fish - Jazz Mandolin Project Fall 2001 Tour,,,,543,https://phish.net/setlists/jon-fishman-november-03-2001-new-daisy-theatre-memphis-tn-usa.html
1298321281,2001-11-04,"Hill Auditorium, University of Michigan",Ann Arbor,MI,USA,Oysterhead - The Grand Pecking Order,,,,751,https://phish.net/setlists/trey-anastasio-november-04-2001-hill-auditorium-university-of-michigan-ann-arbor-mi-usa.html
1324433744,2001-11-05,Variety Playhouse,Atlanta,GA,USA,Fish - Jazz Mandolin Project Fall 2001 Tour,,,,105,https://phish.net/setlists/jon-fishman-november-05-2001-variety-playhouse-atlanta-ga-usa.html
1298321822,2001-11-06,State Theatre,Cleveland,OH,USA,Oysterhead - The Grand Pecking Order,,,,804,https://phish.net/setlists/trey-anastasio-november-06-2001-state-theatre-cleveland-oh-usa.html
1324433787,2001-11-06,Music Farm,Charleston,SC,USA,Fish - Jazz Mandolin Project Fall 2001 Tour,,,,677,https://phish.net/setlists/jon-fishman-november-06-2001-music-farm-charleston-sc-usa.html
1298326588,2001-11-07,Massey Hall,"Toronto, Ontario",,Canada,Oysterhead - The Grand Pecking Order,,,,805,https://phish.net/setlists/trey-anastasio-november-07-2001-massey-hall-toronto-ontario-canada.html
1324433852,2001-11-07,Ziggy's,Winston-Salem,NC,USA,Fish - Jazz Mandolin Project Fall 2001 Tour,,,,103,https://phish.net/setlists/jon-fishman-november-07-2001-ziggys-winston-salem-nc-usa.html
1298327013,2001-11-09,Utica Memorial Auditorium,Utica,NY,USA,Oysterhead - The Grand Pecking Order,,,,774,https://phish.net/setlists/trey-anastasio-november-09-2001-utica-memorial-auditorium-utica-ny-usa.html
1327261607,2001-11-09,Antone's,Austin,TX,USA,Not Part of a Tour,,,,1151,https://phish.net/setlists/mike-gordon-november-09-2001-antones-austin-tx-usa.html
1298328227,2001-11-10,Tsongas Arena,Lowell,MA,USA,Oysterhead - The Grand Pecking Order,,,,806,https://phish.net/setlists/trey-anastasio-november-10-2001-tsongas-arena-lowell-ma-usa.html
1327261647,2001-11-10,Antone's,Austin,TX,USA,Not Part of a Tour,,,,1151,https://phish.net/setlists/mike-gordon-november-10-2001-antones-austin-tx-usa.html
1298342754,2001-11-11,Tweeter Center at the Waterfront,Camden,NJ,USA,Oysterhead - The Grand Pecking Order,,,,269,https://phish.net/setlists/trey-anastasio-november-11-2001-tweeter-center-at-the-waterfront-camden-nj-usa.html
1298344465,2001-11-13,Roseland Ballroom,New York,NY,USA,Oysterhead - The Grand Pecking Order,,,,96,https://phish.net/setlists/trey-anastasio-november-13-2001-roseland-ballroom-new-york-ny-usa.html
1298346117,2001-11-14,Roseland Ballroom,New York,NY,USA,Oysterhead - The Grand Pecking Order,,,,96,https://phish.net/setlists/trey-anastasio-november-14-2001-roseland-ballroom-new-york-ny-usa.html
1298346406,2001-11-15,"NBC Television Studios, Studio 6B",New York,NY,USA,Oysterhead - The Grand Pecking Order,,,,770,https://phish.net/setlists/trey-anastasio-november-15-2001-nbc-television-studios-studio-6b-new-york-ny-usa.html
1298317409,2001-11-16,D.A.R. Constitution Hall,Washington,DC,USA,Oysterhead - The Grand Pecking Order,,,,801,https://phish.net/setlists/trey-anastasio-november-16-2001-dar-constitution-hall-washington-dc-usa.html
1327269437,2001-11-16,Memorial Auditorium,Burlington,VT,USA,Not Part of a Tour,,,,825,https://phish.net/setlists/guest-appearance-november-16-2001-memorial-auditorium-burlington-vt-usa.html
1298346927,2001-11-17,Asheville Civic Center,Asheville,NC,USA,Oysterhead - The Grand Pecking Order,,,,502,https://phish.net/setlists/trey-anastasio-november-17-2001-asheville-civic-center-asheville-nc-usa.html
1298347259,2001-11-18,"O'Connell Center, University of Florida",Gainesville,FL,USA,Oysterhead - The Grand Pecking Order,,,,694,https://phish.net/setlists/trey-anastasio-november-18-2001-oconnell-center-university-of-florida-gainesville-fl-usa.html
1331261389,2001-11-18,B.B. King's,New York,NY,USA,Not Part of a Tour,,,,999,https://phish.net/setlists/guest-appearance-november-18-2001-bb-kings-new-york-ny-usa.html
1331262926,2001-11-20,B.B. King's,New York,NY,USA,Not Part of a Tour,,,,999,https://phish.net/setlists/guest-appearance-november-20-2001-bb-kings-new-york-ny-usa.html
1317709019,2001-11-29,The Bushnell,Hartford,CT,USA,1989 Tour,,,,971,https://phish.net/setlists/trey-anastasio-november-29-2001-the-bushnell-hartford-ct-usa.html
1251077042,2001-12-01,"Reception Hall, Swissôtel",Boston,MA,USA,Not Part of a Tour,,,,226,https://phish.net/setlists/phish-december-01-2001-reception-hall-swisstel-boston-ma-usa.html
1355015147,2001-12-21,Asheville Civic Center,Asheville,NC,USA,Not Part of a Tour,,,,502,https://phish.net/setlists/guest-appearance-december-21-2001-asheville-civic-center-asheville-nc-usa.html
1355017224,2001-12-22,Variety Playhouse,Atlanta,GA,USA,Not Part of a Tour,,,,105,https://phish.net/setlists/guest-appearance-december-22-2001-variety-playhouse-atlanta-ga-usa.html
1330289067,2001-12-29,The Barn,Outer Burlington,VT,USA,Not Part of a Tour,,,,394,https://phish.net/setlists/page-mcconnell-december-29-2001-the-barn-outer-burlington-vt-usa.html
1300725274,2001-12-30,Higher Ground,Winooski,VT,USA,Page - Vida Blue NYE Run 2001,,,,278,https://phish.net/setlists/page-mcconnell-december-30-2001-higher-ground-winooski-vt-usa.html
1300725291,2001-12-31,Roseland Ballroom,New York,NY,USA,Page - Vida Blue NYE Run 2001,,,,96,https://phish.net/setlists/page-mcconnell-december-31-2001-roseland-ballroom-new-york-ny-usa.html
1328469468,2002-02-06,Higher Ground,Winooski,VT,USA,Not Part of a Tour,,,,278,https://phish.net/setlists/guest-appearance-february-06-2002-higher-ground-winooski-vt-usa.html
1328471639,2002-02-07,The Knitting Factory,New York,NY,USA,Not Part of a Tour,,,,1033,https://phish.net/setlists/guest-appearance-february-07-2002-the-knitting-factory-new-york-ny-usa.html
1328587437,2002-02-07,Tribeca Blues,New York,NY,USA,Not Part of a Tour,,,,1150,https://phish.net/setlists/guest-appearance-february-07-2002-tribeca-blues-new-york-ny-usa.html
1330288772,2002-02-08,Higher Ground,Winooski,VT,USA,Not Part of a Tour,,,,278,https://phish.net/setlists/guest-appearance-february-08-2002-higher-ground-winooski-vt-usa.html
1330288030,2002-02-13,Higher Ground,Winooski,VT,USA,Not Part of a Tour,,,,278,https://phish.net/setlists/guest-appearance-february-13-2002-higher-ground-winooski-vt-usa.html
1338520108,2002-03-10,Stubb's Bar-B-Q,Austin,TX,USA,Not Part of a Tour,,,,918,https://phish.net/setlists/mike-gordon-march-10-2002-stubbs-bar-b-q-austin-tx-usa.html
1334803633,2002-03-16,Cinema Plus Theatre,Fort Walton Beach,FL,USA,Not Part of a Tour,,,,1227,https://phish.net/setlists/guest-appearance-march-16-2002-cinema-plus-theatre-fort-walton-beach-fl-usa.html
1338953282,2002-03-23,"The Beach Bar, Cruz Bay",St. John,,U.S. Virgin Islands,Not Part of a Tour,,,,1246,https://phish.net/setlists/guest-appearance-march-23-2002-the-beach-bar-cruz-bay-st-john-us-virgin-islands.html
1300725435,2002-04-18,Calvin Theatre,Northampton,MA,USA,Page - Vida Blue Spring 2002 Tour,,,,945,https://phish.net/setlists/page-mcconnell-april-18-2002-calvin-theatre-northampton-ma-usa.html
1300725460,2002-04-19,Lupo's Heartbreak Hotel,Providence,RI,USA,Page - Vida Blue Spring 2002 Tour,,,,884,https://phish.net/setlists/page-mcconnell-april-19-2002-lupos-heartbreak-hotel-providence-ri-usa.html
1300725531,2002-04-20,"Campus Green, University of Vermont",Burlington,VT,USA,Page - Vida Blue Spring 2002 Tour,,,,946,https://phish.net/setlists/page-mcconnell-april-20-2002-campus-green-university-of-vermont-burlington-vt-usa.html
1330402953,2002-04-20,"Campus Green, University of Vermont",Burlington,VT,USA,Not Part of a Tour,,,,946,https://phish.net/setlists/guest-appearance-april-20-2002-campus-green-university-of-vermont-burlington-vt-usa.html
1300725576,2002-04-21,State Theatre Of Ithaca,Ithaca,NY,USA,Page - Vida Blue Spring 2002 Tour,,,,539,https://phish.net/setlists/page-mcconnell-april-21-2002-state-theatre-ithaca-ny-usa.html
1300725598,2002-04-23,9:30 Club,Washington,DC,USA,Page - Vida Blue Spring 2002 Tour,,,,787,https://phish.net/setlists/page-mcconnell-april-23-2002-930-club-washington-dc-usa.html
1300725667,2002-04-24,The NorVa,Norfolk,VA,USA,Page - Vida Blue Spring 2002 Tour,,,,947,https://phish.net/setlists/page-mcconnell-april-24-2002-the-norva-norfolk-va-usa.html
1300725710,2002-04-25,House of Blues,Myrtle Beach,SC,USA,Page - Vida Blue Spring 2002 Tour,,,,915,https://phish.net/setlists/page-mcconnell-april-25-2002-house-of-blues-myrtle-beach-sc-usa.html
1300725768,2002-04-26,Variety Playhouse,Atlanta,GA,USA,Page - Vida Blue Spring 2002 Tour,,,,105,https://phish.net/setlists/page-mcconnell-april-26-2002-variety-playhouse-atlanta-ga-usa.html
1300725787,2002-04-27,The Orpheum Theater,New Orleans,LA,USA,Page - Vida Blue Spring 2002 Tour,,,,948,https://phish.net/setlists/page-mcconnell-april-27-2002-the-orpheum-theater-new-orleans-la-usa.html
1318704392,2002-04-30,"The River Music Hall, 92.5 The River Studios",Haverhill,MA,USA,Not Part of a Tour,,,,977,https://phish.net/setlists/trey-anastasio-april-30-2002-the-river-music-hall-925-the-river-studios-haverhill-ma-usa.html
1318705237,2002-04-30,"Studio 7, 92.9 WBOS Studios",Boston,MA,USA,Not Part of a Tour,,,,978,https://phish.net/setlists/trey-anastasio-april-30-2002-studio-7-929-wbos-studios-boston-ma-usa.html
1298601591,2002-05-01,WXPN-FM Indre Studios,Philadelphia,PA,USA,Not Part of a Tour,,,,815,https://phish.net/setlists/trey-anastasio-may-01-2002-wxpn-fm-indre-studios-philadelphia-pa-usa.html
1298602055,2002-05-02,Ed Sullivan Theater,New York,NY,USA,Not Part of a Tour,,,,228,https://phish.net/setlists/trey-anastasio-may-02-2002-ed-sullivan-theater-new-york-ny-usa.html
1318708073,2002-05-02,WFUV 90.7-FM Studios,New York,NY,USA,Not Part of a Tour,,,,979,https://phish.net/setlists/trey-anastasio-may-02-2002-wfuv-907-fm-studios-new-york-ny-usa.html
1318708266,2002-05-14,WNCS-FM Studios,Montpellier,VT,USA,Not Part of a Tour,,,,980,https://phish.net/setlists/trey-anastasio-may-14-2002-wncs-fm-studios-montpellier-vt-usa.html
1298603031,2002-05-21,Paramount Theatre,Seattle,WA,USA,TAB - The Dectet Summer 2002 Tour,,,,370,https://phish.net/setlists/trey-anastasio-may-21-2002-paramount-theatre-seattle-wa-usa.html
1318708460,2002-05-21,Mountain Music Lounge,Seattle,WA,USA,Not Part of a Tour,,,,981,https://phish.net/setlists/trey-anastasio-may-21-2002-mountain-music-lounge-seattle-wa-usa.html
1298604309,2002-05-22,Salem Armory,Salem,OR,USA,TAB - The Dectet Summer 2002 Tour,,,,730,https://phish.net/setlists/trey-anastasio-may-22-2002-salem-armory-salem-or-usa.html
1318708658,2002-05-22,"Performance Lounge, KINK-FM 101.9 Studios",Portland,OR,USA,Not Part of a Tour,,,,982,https://phish.net/setlists/trey-anastasio-may-22-2002-performance-lounge-kink-fm-1019-studios-portland-or-usa.html
1298605238,2002-05-24,Bill Graham Civic Auditorium,San Francisco,CA,USA,TAB - The Dectet Summer 2002 Tour,,,,816,https://phish.net/setlists/trey-anastasio-may-24-2002-bill-graham-civic-auditorium-san-francisco-ca-usa.html
1318708889,2002-05-24,KFOG Studios,San Francisco,CA,USA,Not Part of a Tour,,,,983,https://phish.net/setlists/trey-anastasio-may-24-2002-kfog-studios-san-francisco-ca-usa.html
1328375582,2002-05-24,Club Metronome,Burlington,VT,USA,Not Part of a Tour,,,,1075,https://phish.net/setlists/guest-appearance-may-24-2002-club-metronome-burlington-vt-usa.html
1328729428,2002-05-24,Bill Graham Civic Auditorium,San Francisco,CA,USA,Not Part of a Tour,,,,816,https://phish.net/setlists/guest-appearance-may-24-2002-bill-graham-civic-auditorium-san-francisco-ca-usa.html
1298607113,2002-05-25,Calaveras County Fairgrounds,Angel's Camp,CA,USA,TAB - The Dectet Summer 2002 Tour,,,,817,https://phish.net/setlists/trey-anastasio-may-25-2002-calaveras-county-fairgrounds-angels-camp-ca-usa.html
1338521284,2002-05-25,Calaveras County Fairgrounds,Angel's Camp,CA,USA,Not Part of a Tour,,,,817,https://phish.net/setlists/guest-appearance-may-25-2002-calaveras-county-fairgrounds-angels-camp-ca-usa.html
1298608615,2002-05-26,Calaveras County Fairgrounds,Angel's Camp,CA,USA,TAB - The Dectet Summer 2002 Tour,,,,817,https://phish.net/setlists/trey-anastasio-may-26-2002-calaveras-county-fairgrounds-angels-camp-ca-usa.html
1298691105,2002-05-28,"Open Air Theatre, San Diego State University",San Diego,CA,USA,TAB - The Dectet Summer 2002 Tour,,,,818,https://phish.net/setlists/trey-anastasio-may-28-2002-open-air-theatre-san-diego-ca-usa.html
1298691643,2002-05-29,Greek Theatre,Los Angeles,CA,USA,TAB - The Dectet Summer 2002 Tour,,,,289,https://phish.net/setlists/trey-anastasio-may-29-2002-greek-theatre-los-angeles-ca-usa.html
1327258191,2002-05-30,Tribeca Blues,New York,NY,USA,Not Part of a Tour,,,,1150,https://phish.net/setlists/guest-appearance-may-30-2002-tribeca-blues-new-york-ny-usa.html
1298692357,2002-05-31,Thomas & Mack Center,Las Vegas,NV,USA,TAB - The Dectet Summer 2002 Tour,,,,230,https://phish.net/setlists/trey-anastasio-may-31-2002-thomas-mack-center-las-vegas-nv-usa.html
1327198573,2002-05-31,Thomas & Mack Center,Las Vegas,NV,USA,Not Part of a Tour,,,,230,https://phish.net/setlists/guest-appearance-may-31-2002-thomas-mack-center-las-vegas-nv-usa.html
1327209609,2002-05-31,Thomas & Mack Center,Las Vegas,NV,USA,Not Part of a Tour,,,,230,https://phish.net/setlists/guest-appearance-may-31-2002-thomas-mack-center-las-vegas-nv-usa-2.html
1327211402,2002-05-31,Tribeca Blues,New York,NY,USA,Not Part of a Tour,,,,1150,https://phish.net/setlists/guest-appearance-may-31-2002-tribeca-blues-new-york-ny-usa.html
1298698103,2002-06-01,Thomas & Mack Center,Las Vegas,NV,USA,TAB - The Dectet Summer 2002 Tour,,,,230,https://phish.net/setlists/trey-anastasio-june-01-2002-thomas-mack-center-las-vegas-nv-usa.html
1318709601,2002-06-02,"Studio C, KBCO Studios",Boulder,CO,USA,Not Part of a Tour,,,,984,https://phish.net/setlists/trey-anastasio-june-02-2002-studio-c-kbco-studios-boulder-co-usa.html
1298774501,2002-06-03,Red Rocks Amphitheatre,Morrison,CO,USA,TAB - The Dectet Summer 2002 Tour,,,,50,https://phish.net/setlists/trey-anastasio-june-03-2002-red-rocks-amphitheatre-morrison-co-usa.html
1298774864,2002-06-04,Red Rocks Amphitheatre,Morrison,CO,USA,TAB - The Dectet Summer 2002 Tour,,,,50,https://phish.net/setlists/trey-anastasio-june-04-2002-red-rocks-amphitheatre-morrison-co-usa.html
1298775679,2002-06-06,"UIC Pavilion, University of Illinois",Chicago,IL,USA,TAB - The Dectet Summer 2002 Tour,,,,368,https://phish.net/setlists/trey-anastasio-june-06-2002-uic-pavilion-university-of-illinois-chicago-il-usa.html
1298776555,2002-06-07,The Fox Theatre,Detroit,MI,USA,TAB - The Dectet Summer 2002 Tour,,,,819,https://phish.net/setlists/trey-anastasio-june-07-2002-the-fox-theatre-detroit-mi-usa.html
1298779358,2002-06-08,Deer Creek Music Center,Noblesville,IN,USA,TAB - The Dectet Summer 2002 Tour,,,,401,https://phish.net/setlists/trey-anastasio-june-08-2002-deer-creek-music-center-noblesville-in-usa.html
1298782984,2002-06-09,Tower City Amphitheatre,Cleveland,OH,USA,TAB - The Dectet Summer 2002 Tour,,,,820,https://phish.net/setlists/trey-anastasio-june-09-2002-tower-city-amphitheatre-cleveland-oh-usa.html
1298787271,2002-06-11,The Amphitheatre at Station Square,Pittsburgh,PA,USA,TAB - The Dectet Summer 2002 Tour,,,,821,https://phish.net/setlists/trey-anastasio-june-11-2002-the-amphitheatre-at-station-square-pittsburgh-pa-usa.html
1298817331,2002-06-13,Palace Theatre,Albany,NY,USA,TAB - The Dectet Summer 2002 Tour,,,,302,https://phish.net/setlists/trey-anastasio-june-13-2002-palace-theatre-albany-ny-usa.html
1330395342,2002-06-13,Parkside Lounge,New York,NY,USA,Not Part of a Tour,,,,1191,https://phish.net/setlists/guest-appearance-june-13-2002-parkside-lounge-new-york-ny-usa.html
1298817856,2002-06-14,Tweeter Center,Mansfield,MA,USA,TAB - The Dectet Summer 2002 Tour,,,,402,https://phish.net/setlists/trey-anastasio-june-14-2002-tweeter-center-mansfield-ma-usa.html
1298819402,2002-06-15,Champlain Valley Exposition,Essex Junction,VT,USA,TAB - The Dectet Summer 2002 Tour,,,,822,https://phish.net/setlists/trey-anastasio-june-15-2002-champlain-valley-exposition-essex-junction-vt-usa.html
1298820564,2002-06-16,Darien Lake Performing Arts Center,Darien Center,NY,USA,TAB - The Dectet Summer 2002 Tour,,,,361,https://phish.net/setlists/trey-anastasio-june-16-2002-darien-lake-performing-arts-center-darien-center-ny-usa.html
1298821926,2002-06-18,Radio City Music Hall,New York,NY,USA,TAB - The Dectet Summer 2002 Tour,,,,275,https://phish.net/setlists/trey-anastasio-june-18-2002-radio-city-music-hall-new-york-ny-usa.html
1298831484,2002-06-19,"Studio 8H, NBC Studios",New York,NY,USA,Not Part of a Tour,,,,227,https://phish.net/setlists/trey-anastasio-june-19-2002-studio-8h-nbc-studios-new-york-ny-usa.html
1298831839,2002-06-20,PNC Bank Arts Center,Holmdel,NJ,USA,TAB - The Dectet Summer 2002 Tour,,,,398,https://phish.net/setlists/trey-anastasio-june-20-2002-pnc-bank-arts-center-holmdel-nj-usa.html
1298832328,2002-06-21,Tweeter Center at the Waterfront,Camden,NJ,USA,TAB - The Dectet Summer 2002 Tour,,,,269,https://phish.net/setlists/trey-anastasio-june-21-2002-tweeter-center-at-the-waterfront-camden-nj-usa.html
1298832905,2002-06-22,Merriweather Post Pavilion,Columbia,MD,USA,TAB - The Dectet Summer 2002 Tour,,,,9,https://phish.net/setlists/trey-anastasio-june-22-2002-merriweather-post-pavilion-columbia-md-usa.html
1298833390,2002-06-23,Bonnaroo Music & Arts Festival,Manchester,TN,USA,TAB - The Dectet Summer 2002 Tour,,,,506,https://phish.net/setlists/trey-anastasio-june-23-2002-bonnaroo-music-arts-festival-manchester-tn-usa.html
1318710798,2002-06-24,CBS Television City Studios,Los Angeles,CA,USA,Not Part of a Tour,,,,985,https://phish.net/setlists/trey-anastasio-june-24-2002-cbs-television-city-studios-los-angeles-ca-usa.html
1298834029,2002-06-26,NBC Studios,Burbank,CA,USA,Not Part of a Tour,,,,392,https://phish.net/setlists/trey-anastasio-june-26-2002-nbc-studios-burbank-ca-usa.html
1330395715,2002-06-29,House of Blues,West Hollywood,CA,USA,Not Part of a Tour,,,,950,https://phish.net/setlists/guest-appearance-june-29-2002-house-of-blues-west-hollywood-ca-usa.html
1338951543,2002-07-06,Private Party,Hinesburg,VT,USA,Not Part of a Tour,,,,1245,https://phish.net/setlists/guest-appearance-july-06-2002-private-party-hinesburg-vt-usa.html
1300726973,2002-07-09,The Moore Theatre,Seattle,WA,USA,Page - Vida Blue Summer 2002 Tour,,,,327,https://phish.net/setlists/page-mcconnell-july-09-2002-the-moore-theatre-seattle-wa-usa.html
1300727045,2002-07-10,Crystal Ballroom,Portland,OR,USA,Page - Vida Blue Summer 2002 Tour,,,,949,https://phish.net/setlists/page-mcconnell-july-10-2002-crystal-ballroom-portland-or-usa.html
1329448416,2002-07-11,Bimbo’s 365 Club,San Francisco,CA,USA,Not Part of a Tour,,,,1188,https://phish.net/setlists/guest-appearance-july-11-2002-bimbos-365-club-san-francisco-ca-usa.html
1300727073,2002-07-12,The Fillmore,San Francisco,CA,USA,Page - Vida Blue Summer 2002 Tour,,,,560,https://phish.net/setlists/page-mcconnell-july-12-2002-the-fillmore-san-francisco-ca-usa.html
1300728440,2002-07-13,House of Blues,West Hollywood,CA,USA,Page - Vida Blue Summer 2002 Tour,,,,950,https://phish.net/setlists/page-mcconnell-july-13-2002-house-of-blues-west-hollywood-ca-usa.html
1300728472,2002-07-15,The Fox Theatre,Boulder,CO,USA,Page - Vida Blue Summer 2002 Tour,,,,111,https://phish.net/setlists/page-mcconnell-july-15-2002-the-fox-theatre-boulder-co-usa.html
1300728567,2002-07-16,The Fox Theatre,Boulder,CO,USA,Page - Vida Blue Summer 2002 Tour,,,,111,https://phish.net/setlists/page-mcconnell-july-16-2002-the-fox-theatre-boulder-co-usa.html
1300728596,2002-07-18,Mississippi Nights,St. Louis,MO,USA,Page - Vida Blue Summer 2002 Tour,,,,106,https://phish.net/setlists/page-mcconnell-july-18-2002-mississippi-nights-st-louis-mo-usa.html
1300728619,2002-07-19,The Vic Theatre,Chicago,IL,USA,Page - Vida Blue Summer 2002 Tour,,,,322,https://phish.net/setlists/page-mcconnell-july-19-2002-the-vic-theatre-chicago-il-usa.html
1324493370,2002-07-19,Sunshine Daydream Music Park,Terra Alta,WV,USA,Fish - Jazz Mandolin Project Summer 2002 Tour,,,,1082,https://phish.net/setlists/jon-fishman-july-19-2002-sunshine-daydream-music-park-terra-alta-wv-usa.html
1300728760,2002-07-20,The Majestic,Detroit,MI,USA,Page - Vida Blue Summer 2002 Tour,,,,951,https://phish.net/setlists/page-mcconnell-july-20-2002-the-majestic-detroit-mi-usa.html
1324493484,2002-07-20,Mayo Island,Richmond,VA,USA,Fish - Jazz Mandolin Project Summer 2002 Tour,,,,1083,https://phish.net/setlists/jon-fishman-july-20-2002-mayo-island-richmond-va-usa.html
1300728795,2002-07-21,Bogart's,Cincinnati,OH,USA,Page - Vida Blue Summer 2002 Tour,,,,160,https://phish.net/setlists/page-mcconnell-july-21-2002-bogarts-cincinnati-oh-usa.html
1300728814,2002-07-23,Metropol,Pittsburgh,PA,USA,Page - Vida Blue Summer 2002 Tour,,,,320,https://phish.net/setlists/page-mcconnell-july-23-2002-metropol-pittsburgh-pa-usa.html
1300728863,2002-07-24,Irving Plaza,New York,NY,USA,Page - Vida Blue Summer 2002 Tour,,,,944,https://phish.net/setlists/page-mcconnell-july-24-2002-irving-plaza-new-york-ny-usa.html
